person_id,Person of Interest,prior_offense_summary,prior_offense_count,last_known_zone,photo
P-INR-001,Raghavendra Swamy,Assault on colleague (2022); disorderly conduct (2023); repeat assault (2024),3,Indiranagar 100 Feet Road,avatar_placeholder.svg
P-INR-002,Meenakshi Pillai,Petty theft (2021); theft from vehicle (2023); shoplifting (2024),3,CMH Road Area,avatar_placeholder.svg
P-INR-003,Basavaraj Patil,Burglary — residential (2023); handling stolen property (2024),2,5th Cross Indiranagar,avatar_placeholder.svg
P-INR-004,Arun Naidu,Motor vehicle theft — car (2022); towing unlicensed vehicle (2023),2,HAL 2nd Stage vicinity,avatar_placeholder.svg
P-INR-005,Chandrika Rao,Armed robbery — knife (2024),1,12th Main Indiranagar,avatar_placeholder.svg
P-INR-006,Sunil Bhat,Assault — group offence (2024); public disorder (2024),2,Indiranagar Market,avatar_placeholder.svg
P-INR-007,Krishnamurthy A.,Organized burglary ring — 4 incidents linked (2023-2024),2,Domlur Layout,avatar_placeholder.svg
P-INR-008,Jyothi Gowda,Chain snatching (2023); snatching near ATM (2025),2,Defence Colony Road,avatar_placeholder.svg
P-INR-009,Mohammed Salim,Online fraud — job offer scam targeting freshers; ₹3.5L loss reported (2025),1,Indiranagar 1st Stage,avatar_placeholder.svg
